Name,Venue,Date,Description,Image,Link
Disc Break presents 'Blend',Overdraught,2025-11-28,,,
Disc Break presents 'Blend',Strange Brew,2025-11-15,,,
Disc Break All-Dayer,Cult & Coffee,2025-10-12,,,
Disc Break,Eastern Bloc,2025-10-11,,,
Disc Break 3rd Birthday,The New Cross X,2025-07-26,,,
Disc Break,Piccadilly Central,2025-06-06,,,
Disc Break,Ōdiobā,2025-05-03,,,
Disc Break,Strange Brew Bar,2025-04-26,,,
Disc Break,Ōdiobā,2025-02-01,,,https://ra.co/events/2071614
Love Underground Launch Party,,2024-09-28,,,https://ra.co/events/1977893
Disc Break Summer Party 2024,,2024-07-13,,,
Disc Break Easter Takeover,,2024-03-30,,,
Disc Break Radio Station Launch Party Part 2,,2023-10-01,,,
Disc Break Radio Station Launch Party Part 1,,2023-09-30,,,
